season,place,team,points,played,won,draw,loss,goals,goals_taken,goals_diff,percentage,points_game,goals_game,goals_tak_game
2003,1,Cruzeiro,100,46,31,7,8,102,47,55,72.46,2.17,2.22,1.02
2003,2,Santos,87,46,25,12,9,93,60,33,63.04,1.89,2.02,1.3
2003,3,São Paulo,78,46,22,12,12,81,67,14,56.52,1.7,1.76,1.46
2003,4,São Caetano,74,46,19,14,13,53,37,16,53.62,1.61,1.15,0.8
2003,5,Coritiba,73,46,21,10,15,67,58,9,52.9,1.59,1.46,1.26
2003,6,Atlético Mineiro,72,46,19,15,12,76,62,14,52.17,1.57,1.65,1.35
2003,7,Internacional,72,46,20,10,16,59,57,2,52.17,1.57,1.28,1.24
2003,8,Flamengo,66,46,18,12,16,66,73,-7,47.83,1.43,1.43,1.59
2003,9,Goiás,65,46,18,11,17,78,63,15,47.1,1.41,1.7,1.37
2003,10,Paraná,65,46,18,11,17,85,75,10,47.1,1.41,1.85,1.63
2003,11,Figueirense,65,46,17,14,15,62,54,8,47.1,1.41,1.35,1.17
2003,12,Athletico Paranaense,61,46,17,10,19,67,72,-5,44.2,1.33,1.46,1.57
2003,13,Guarani,61,46,17,10,19,64,72,-8,44.2,1.33,1.39,1.57
2003,14,Criciúma,60,46,17,9,20,57,69,-12,43.48,1.3,1.24,1.5
2003,15,Corinthians,59,46,15,12,19,61,63,-2,42.75,1.28,1.33,1.37
2003,16,Vitória,56,46,15,11,20,50,64,-14,40.58,1.22,1.09,1.39
2003,17,Vasco,54,46,13,15,18,57,69,-12,39.13,1.17,1.24,1.5
2003,18,Juventude,53,46,12,14,20,55,70,-15,38.41,1.15,1.2,1.52
2003,19,Fluminense,52,46,13,11,22,52,77,-25,37.68,1.13,1.13,1.67
2003,20,Ponte Preta,50,46,11,18,17,63,73,-10,36.23,1.09,1.37,1.59
2003,21,Grêmio,50,46,13,11,22,54,68,-14,36.23,1.09,1.17,1.48
2003,22,Paysandu,49,46,15,12,19,74,77,-3,35.51,1.07,1.61,1.67
2003,23,Fortaleza,49,46,12,13,21,58,74,-16,35.51,1.07,1.26,1.61
2003,24,Bahia,46,46,12,10,24,59,92,-33,33.33,1.0,1.28,2.0
2004,1,Santos,89,46,27,8,11,103,58,45,64.49,1.93,2.24,1.26
2004,2,Athletico Paranaense,86,46,25,11,10,93,56,37,62.32,1.87,2.02,1.22
2004,3,São Paulo,82,46,24,10,12,78,43,35,59.42,1.78,1.7,0.93
2004,4,Palmeiras,79,46,22,13,11,72,47,25,57.25,1.72,1.57,1.02
2004,5,Corinthians,74,46,20,14,12,54,54,0,53.62,1.61,1.17,1.17
2004,6,Goiás,72,46,21,9,16,81,68,13,52.17,1.57,1.76,1.48
2004,7,Juventude,70,46,20,10,16,60,66,-6,50.72,1.52,1.3,1.43
2004,8,Internacional,67,46,20,7,19,66,59,7,48.55,1.46,1.43,1.28
2004,9,Fluminense,67,46,18,13,15,65,68,-3,48.55,1.46,1.41,1.48
2004,10,Ponte Preta,64,46,19,7,20,43,73,-30,46.38,1.39,0.93,1.59
2004,11,Figueirense,63,46,17,12,17,57,59,-2,45.65,1.37,1.24,1.28
2004,12,Coritiba,62,46,15,17,14,53,48,5,44.93,1.35,1.15,1.04
2004,13,Cruzeiro,56,46,16,8,22,69,81,-12,40.58,1.22,1.5,1.76
2004,14,Paysandu,56,46,14,14,18,56,76,-20,40.58,1.22,1.22,1.65
2004,15,Paraná,54,46,15,9,22,52,73,-21,39.13,1.17,1.13,1.59
2004,16,Vasco,54,46,14,12,20,64,68,-4,39.13,1.17,1.39,1.48
2004,17,Flamengo,54,46,13,15,18,51,53,-2,39.13,1.17,1.11,1.15
2004,18,São Caetano,53,46,23,8,15,65,49,16,38.41,1.15,1.41,1.07
2004,19,Atlético Mineiro,53,46,12,17,17,60,66,-6,38.41,1.15,1.3,1.43
2004,20,Botafogo,51,46,11,18,17,62,71,-9,36.96,1.11,1.35,1.54
2004,21,Criciúma,50,46,13,11,22,61,78,-17,36.23,1.09,1.33,1.7
2004,22,Guarani,49,46,11,16,19,43,55,-12,35.51,1.07,0.93,1.2
2004,23,Vitória,48,46,13,9,24,68,87,-19,34.78,1.04,1.48,1.89
2004,24,Grêmio,39,46,9,12,25,60,80,-20,28.26,0.85,1.3,1.74
2005,1,Corinthians,81,42,24,9,9,87,59,28,64.29,1.93,2.07,1.4
2005,2,Internacional,78,42,23,9,10,72,49,23,61.9,1.86,1.71,1.17
2005,3,Goiás,74,42,22,8,12,68,51,17,58.73,1.76,1.62,1.21
2005,4,Palmeiras,70,42,20,10,12,81,65,16,55.56,1.67,1.93,1.55
2005,5,Fluminense,68,42,19,11,12,79,70,9,53.97,1.62,1.88,1.67
2005,6,Athletico Paranaense,61,42,18,7,17,76,67,9,48.41,1.45,1.81,1.6
2005,7,Paraná,61,42,17,10,15,59,51,8,48.41,1.45,1.4,1.21
2005,8,Cruzeiro,60,42,17,9,16,73,72,1,47.62,1.43,1.74,1.71
2005,9,Botafogo,59,42,17,8,17,57,56,1,46.83,1.4,1.36,1.33
2005,10,Santos,59,42,16,11,15,68,71,-3,46.83,1.4,1.62,1.69
2005,11,São Paulo,58,42,16,10,16,77,67,10,46.03,1.38,1.83,1.6
2005,12,Vasco,56,42,15,11,16,74,84,-10,44.44,1.33,1.76,2.0
2005,13,Fortaleza,55,42,16,7,19,58,64,-6,43.65,1.31,1.38,1.52
2005,14,Juventude,55,42,15,10,17,66,72,-6,43.65,1.31,1.57,1.71
2005,15,Flamengo,55,42,14,13,15,56,60,-4,43.65,1.31,1.33,1.43
2005,16,Figueirense,53,42,14,11,17,65,72,-7,42.06,1.26,1.55,1.71
2005,17,São Caetano,52,42,14,10,18,54,60,-6,41.27,1.24,1.29,1.43
2005,18,Ponte Preta,51,42,15,6,21,63,80,-17,40.48,1.21,1.5,1.9
2005,19,Coritiba,49,42,13,10,19,51,60,-9,38.89,1.17,1.21,1.43
2005,20,Atlético Mineiro,47,42,13,8,21,54,59,-5,37.3,1.12,1.29,1.4
2005,21,Paysandu,41,42,12,5,25,63,92,-29,32.54,0.98,1.5,2.19
2005,22,Brasiliense,41,42,10,11,21,47,67,-20,32.54,0.98,1.12,1.6
2006,1,São Paulo,78,38,22,12,4,66,32,34,68.42,2.05,1.74,0.84
2006,2,Internacional,69,38,20,9,9,52,36,16,60.53,1.82,1.37,0.95
2006,3,Grêmio,67,38,20,7,11,64,45,19,58.77,1.76,1.68,1.18
2006,4,Santos,64,38,18,10,10,58,36,22,56.14,1.68,1.53,0.95
2006,5,Paraná,60,38,18,6,14,56,49,7,52.63,1.58,1.47,1.29
2006,6,Vasco,59,38,15,14,9,57,50,7,51.75,1.55,1.5,1.32
2006,7,Figueirense,57,38,15,12,11,52,44,8,50.0,1.5,1.37,1.16
2006,8,Goiás,55,38,15,10,13,63,49,14,48.25,1.45,1.66,1.29
2006,9,Corinthians,53,38,15,8,15,41,46,-5,46.49,1.39,1.08,1.21
2006,10,Cruzeiro,53,38,14,11,13,52,45,7,46.49,1.39,1.37,1.18
2006,11,Flamengo,52,38,15,7,16,44,48,-4,45.61,1.37,1.16,1.26
2006,12,Botafogo,51,38,13,12,13,52,50,2,44.74,1.34,1.37,1.32
2006,13,Athletico Paranaense,48,38,13,9,16,61,62,-1,42.11,1.26,1.61,1.63
2006,14,Juventude,47,38,13,8,17,44,54,-10,41.23,1.24,1.16,1.42
2006,15,Fluminense,45,38,11,12,15,48,58,-10,39.47,1.18,1.26,1.53
2006,16,Palmeiras,44,38,12,8,18,58,70,-12,38.6,1.16,1.53,1.84
2006,17,Ponte Preta,39,38,10,9,19,45,65,-20,34.21,1.03,1.18,1.71
2006,18,Fortaleza,38,38,8,14,16,39,62,-23,33.33,1.0,1.03,1.63
2006,19,São Caetano,36,38,9,9,20,37,53,-16,31.58,0.95,0.97,1.39
2006,20,Santa Cruz,28,38,7,7,24,41,76,-35,24.56,0.74,1.08,2.0
2007,1,São Paulo,77,38,23,8,7,55,19,36,67.54,2.03,1.45,0.5
2007,2,Santos,62,38,19,5,14,57,47,10,54.39,1.63,1.5,1.24
2007,3,Flamengo,61,38,17,10,11,55,49,6,53.51,1.61,1.45,1.29
2007,4,Fluminense,61,38,16,13,9,57,39,18,53.51,1.61,1.5,1.03
2007,5,Cruzeiro,60,38,18,6,14,73,58,15,52.63,1.58,1.92,1.53
2007,6,Grêmio,58,38,17,7,14,44,43,1,50.88,1.53,1.16,1.13
2007,7,Palmeiras,58,38,16,10,12,48,47,1,50.88,1.53,1.26,1.24
2007,8,Atlético Mineiro,55,38,15,10,13,63,51,12,48.25,1.45,1.66,1.34
2007,9,Botafogo,55,38,14,13,11,62,58,4,48.25,1.45,1.63,1.53
2007,10,Vasco,54,38,15,9,14,58,47,11,47.37,1.42,1.53,1.24
2007,11,Internacional,54,38,15,9,14,49,44,5,47.37,1.42,1.29,1.16
2007,12,Athletico Paranaense,54,38,14,12,12,51,50,1,47.37,1.42,1.34,1.32
2007,13,Figueirense,53,38,14,11,13,57,56,1,46.49,1.39,1.5,1.47
2007,14,Sport,51,38,14,9,15,54,55,-1,44.74,1.34,1.42,1.45
2007,15,Náutico,49,38,14,7,17,66,63,3,42.98,1.29,1.74,1.66
2007,16,Goiás,45,38,13,6,19,49,62,-13,39.47,1.18,1.29,1.63
2007,17,Corinthians,44,38,10,14,14,40,50,-10,38.6,1.16,1.05,1.32
2007,18,Juventude,41,38,11,8,19,43,65,-22,35.96,1.08,1.13,1.71
2007,19,Paraná,41,38,11,8,19,42,64,-22,35.96,1.08,1.11,1.68
2007,20,América-RN,17,38,4,5,29,24,80,-56,14.91,0.45,0.63,2.11
2008,1,São Paulo,75,38,21,12,5,66,36,30,65.79,1.97,1.74,0.95
2008,2,Grêmio,72,38,21,9,8,59,35,24,63.16,1.89,1.55,0.92
2008,3,Cruzeiro,67,38,21,4,13,59,44,15,58.77,1.76,1.55,1.16
2008,4,Palmeiras,65,38,19,8,11,55,45,10,57.02,1.71,1.45,1.18
2008,5,Flamengo,64,38,18,10,10,67,48,19,56.14,1.68,1.76,1.26
2008,6,Internacional,54,38,15,9,14,48,47,1,47.37,1.42,1.26,1.24
2008,7,Botafogo,53,38,15,8,15,51,44,7,46.49,1.39,1.34,1.16
2008,8,Goiás,53,38,14,11,13,57,47,10,46.49,1.39,1.5,1.24
2008,9,Coritiba,53,38,14,11,13,55,48,7,46.49,1.39,1.45,1.26
2008,10,Vitória,52,38,15,7,16,48,44,4,45.61,1.37,1.26,1.16
2008,11,Sport,52,38,14,10,14,48,45,3,45.61,1.37,1.26,1.18
2008,12,Atlético Mineiro,48,38,12,12,14,50,61,-11,42.11,1.26,1.32,1.61
2008,13,Athletico Paranaense,45,38,12,9,17,45,54,-9,39.47,1.18,1.18,1.42
2008,14,Fluminense,45,38,11,12,15,49,48,1,39.47,1.18,1.29,1.26
2008,15,Santos,45,38,11,12,15,44,53,-9,39.47,1.18,1.16,1.39
2008,16,Náutico,44,38,11,11,16,44,54,-10,38.6,1.16,1.16,1.42
2008,17,Figueirense,44,38,11,11,16,49,73,-24,38.6,1.16,1.29,1.92
2008,18,Vasco,40,38,11,7,20,56,72,-16,35.09,1.05,1.47,1.89
2008,19,Portuguesa,38,38,9,11,18,48,70,-22,33.33,1.0,1.26,1.84
2008,20,Ipatinga,35,38,9,8,21,37,67,-30,30.7,0.92,0.97,1.76
2009,1,Flamengo,67,38,19,10,9,58,44,14,58.77,1.76,1.53,1.16
2009,2,Internacional,65,38,19,8,11,65,44,21,57.02,1.71,1.71,1.16
2009,3,São Paulo,65,38,18,11,9,57,42,15,57.02,1.71,1.5,1.11
2009,4,Cruzeiro,62,38,18,8,12,58,53,5,54.39,1.63,1.53,1.39
2009,5,Palmeiras,62,38,17,11,10,58,45,13,54.39,1.63,1.53,1.18
2009,6,Avaí,57,38,15,12,11,61,52,9,50.0,1.5,1.61,1.37
2009,7,Atlético Mineiro,56,38,16,8,14,55,56,-1,49.12,1.47,1.45,1.47
2009,8,Grêmio,55,38,15,10,13,67,46,21,48.25,1.45,1.76,1.21
2009,9,Goiás,55,38,15,10,13,64,65,-1,48.25,1.45,1.68,1.71
2009,10,Corinthians,52,38,14,10,14,50,54,-4,45.61,1.37,1.32,1.42
2009,11,Grêmio Barueri,49,38,12,13,13,59,52,7,42.98,1.29,1.55,1.37
2009,12,Santos,49,38,12,13,13,58,58,0,42.98,1.29,1.53,1.53
2009,13,Vitória,48,38,13,9,16,51,57,-6,42.11,1.26,1.34,1.5
2009,14,Athletico Paranaense,48,38,13,9,16,42,49,-7,42.11,1.26,1.11,1.29
2009,15,Botafogo,47,38,11,14,13,52,58,-6,41.23,1.24,1.37,1.53
2009,16,Fluminense,46,38,11,13,14,49,56,-7,40.35,1.21,1.29,1.47
2009,17,Coritiba,45,38,12,9,17,48,60,-12,39.47,1.18,1.26,1.58
2009,18,Santo André,41,38,11,8,19,46,61,-15,35.96,1.08,1.21,1.61
2009,19,Náutico,38,38,10,8,20,48,71,-23,33.33,1.0,1.26,1.87
2009,20,Sport,31,38,7,10,21,48,71,-23,27.19,0.82,1.26,1.87
2010,1,Fluminense,71,38,20,11,7,62,36,26,62.28,1.87,1.63,0.95
2010,2,Cruzeiro,69,38,20,9,9,53,38,15,60.53,1.82,1.39,1.0
2010,3,Corinthians,68,38,19,11,8,65,41,24,59.65,1.79,1.71,1.08
2010,4,Grêmio,63,38,17,12,9,68,43,25,55.26,1.66,1.79,1.13
2010,5,Athletico Paranaense,60,38,17,9,12,43,45,-2,52.63,1.58,1.13,1.18
2010,6,Botafogo,59,38,14,17,7,54,42,12,51.75,1.55,1.42,1.11
2010,7,Internacional,58,38,16,10,12,48,41,7,50.88,1.53,1.26,1.08
2010,8,Santos,56,38,15,11,12,63,50,13,49.12,1.47,1.66,1.32
2010,9,São Paulo,55,38,15,10,13,54,54,0,48.25,1.45,1.42,1.42
2010,10,Palmeiras,50,38,12,14,12,42,43,-1,43.86,1.32,1.11,1.13
2010,11,Vasco,49,38,11,16,11,43,45,-2,42.98,1.29,1.13,1.18
2010,12,Ceará,47,38,10,17,11,35,44,-9,41.23,1.24,0.92,1.16
2010,13,Atlético Mineiro,45,38,13,6,19,52,64,-12,39.47,1.18,1.37,1.68
2010,14,Flamengo,44,38,9,17,12,41,44,-3,38.6,1.16,1.08,1.16
2010,15,Avaí,43,38,11,10,17,49,58,-9,37.72,1.13,1.29,1.53
2010,16,Atlético Goianiense,42,38,11,9,18,51,57,-6,36.84,1.11,1.34,1.5
2010,17,Vitória,42,38,9,15,14,42,48,-6,36.84,1.11,1.11,1.26
2010,18,Guarani,37,38,8,13,17,33,53,-20,32.46,0.97,0.87,1.39
2010,19,Goiás,33,38,8,9,21,41,68,-27,28.95,0.87,1.08,1.79
2010,20,Grêmio Barueri,28,38,7,10,21,39,64,-25,24.56,0.74,1.03,1.68
2011,1,Corinthians,71,38,21,8,9,53,36,17,62.28,1.87,1.39,0.95
2011,2,Vasco,69,38,19,12,7,57,40,17,60.53,1.82,1.5,1.05
2011,3,Fluminense,63,38,20,3,15,60,51,9,55.26,1.66,1.58,1.34
2011,4,Flamengo,61,38,15,16,7,59,47,12,53.51,1.61,1.55,1.24
2011,5,Internacional,60,38,16,12,10,57,43,14,52.63,1.58,1.5,1.13
2011,6,São Paulo,59,38,16,11,11,57,46,11,51.75,1.55,1.5,1.21
2011,7,Figueirense,58,38,15,13,10,46,45,1,50.88,1.53,1.21,1.18
2011,8,Coritiba,57,38,16,9,13,57,41,16,50.0,1.5,1.5,1.08
2011,9,Botafogo,56,38,16,8,14,52,49,3,49.12,1.47,1.37,1.29
2011,10,Santos,53,38,15,8,15,55,55,0,46.49,1.39,1.45,1.45
2011,11,Palmeiras,50,38,11,17,10,43,39,4,43.86,1.32,1.13,1.03
2011,12,Grêmio,48,38,13,9,16,49,57,-8,42.11,1.26,1.29,1.5
2011,13,Atlético Goianiense,48,38,12,12,14,50,45,5,42.11,1.26,1.32,1.18
2011,14,Bahia,46,38,11,13,14,43,49,-6,40.35,1.21,1.13,1.29
2011,15,Atlético Mineiro,45,38,13,6,19,50,60,-10,39.47,1.18,1.32,1.58
2011,16,Cruzeiro,43,38,11,10,17,48,51,-3,37.72,1.13,1.26,1.34
2011,17,Athletico Paranaense,41,38,10,11,17,38,55,-17,35.96,1.08,1.0,1.45
2011,18,Ceará,39,38,10,9,19,47,64,-17,34.21,1.03,1.24,1.68
2011,19,América Mineiro,37,38,8,13,17,51,69,-18,32.46,0.97,1.34,1.82
2011,20,Avaí,31,38,7,10,21,45,75,-30,27.19,0.82,1.18,1.97
2012,1,Fluminense,77,38,22,11,5,61,33,28,67.54,2.03,1.61,0.87
2012,2,Atlético Mineiro,72,38,20,12,6,64,37,27,63.16,1.89,1.68,0.97
2012,3,Grêmio,71,38,20,11,7,56,33,23,62.28,1.87,1.47,0.87
2012,4,São Paulo,66,38,20,6,12,59,37,22,57.89,1.74,1.55,0.97
2012,5,Vasco,58,38,16,10,12,45,44,1,50.88,1.53,1.18,1.16
2012,6,Corinthians,57,38,15,12,11,51,39,12,50.0,1.5,1.34,1.03
2012,7,Botafogo,55,38,15,10,13,60,50,10,48.25,1.45,1.58,1.32
2012,8,Santos,53,38,13,14,11,50,44,6,46.49,1.39,1.32,1.16
2012,9,Cruzeiro,52,38,15,7,16,47,51,-4,45.61,1.37,1.24,1.34
2012,10,Internacional,52,38,13,13,12,44,40,4,45.61,1.37,1.16,1.05
2012,11,Flamengo,50,38,12,14,12,39,46,-7,43.86,1.32,1.03,1.21
2012,12,Náutico,49,38,14,7,17,44,51,-7,42.98,1.29,1.16,1.34
2012,13,Coritiba,48,38,14,6,18,53,60,-7,42.11,1.26,1.39,1.58
2012,14,Ponte Preta,48,38,12,12,14,37,44,-7,42.11,1.26,0.97,1.16
2012,15,Bahia,47,38,11,14,13,37,41,-4,41.23,1.24,0.97,1.08
2012,16,Portuguesa,45,38,10,15,13,39,41,-2,39.47,1.18,1.03,1.08
2012,17,Sport,41,38,10,11,17,39,56,-17,35.96,1.08,1.03,1.47
2012,18,Palmeiras,34,38,9,7,22,39,54,-15,29.82,0.89,1.03,1.42
2012,19,Atlético Goianiense,30,38,7,9,22,37,67,-30,26.32,0.79,0.97,1.76
2012,20,Figueirense,30,38,7,9,22,39,72,-33,26.32,0.79,1.03,1.89
2013,1,Cruzeiro,76,38,23,7,8,77,37,40,66.67,2.0,2.03,0.97
2013,2,Grêmio,65,38,18,11,9,42,35,7,57.02,1.71,1.11,0.92
2013,3,Athletico Paranaense,64,38,18,10,10,65,49,16,56.14,1.68,1.71,1.29
2013,4,Botafogo,61,38,17,10,11,55,41,14,53.51,1.61,1.45,1.08
2013,5,Vitória,59,38,16,11,11,59,53,6,51.75,1.55,1.55,1.39
2013,6,Goiás,59,38,16,11,11,48,44,4,51.75,1.55,1.26,1.16
2013,7,Santos,57,38,15,12,11,51,38,13,50.0,1.5,1.34,1.0
2013,8,Atlético Mineiro,57,38,15,12,11,49,38,11,50.0,1.5,1.29,1.0
2013,9,São Paulo,50,38,14,8,16,39,40,-1,43.86,1.32,1.03,1.05
2013,10,Corinthians,50,38,11,17,10,27,22,5,43.86,1.32,0.71,0.58
2013,11,Coritiba,48,38,12,12,14,42,45,-3,42.11,1.26,1.11,1.18
2013,12,Bahia,48,38,12,12,14,37,45,-8,42.11,1.26,0.97,1.18
2013,13,Internacional,48,38,11,15,12,51,52,-1,42.11,1.26,1.34,1.37
2013,14,Criciúma,46,38,13,7,18,49,63,-14,40.35,1.21,1.29,1.66
2013,15,Fluminense,46,38,12,10,16,43,47,-4,40.35,1.21,1.13,1.24
2013,16,Flamengo,45,38,12,13,13,43,46,-3,39.47,1.18,1.13,1.21
2013,17,Portuguesa,44,38,12,12,14,50,46,4,38.6,1.16,1.32,1.21
2013,18,Vasco,44,38,11,11,16,50,61,-11,38.6,1.16,1.32,1.61
2013,19,Ponte Preta,37,38,9,10,19,37,55,-18,32.46,0.97,0.97,1.45
2013,20,Náutico,20,38,5,5,28,22,79,-57,17.54,0.53,0.58,2.08
2014,1,Cruzeiro,80,38,24,8,6,67,38,29,70.18,2.11,1.76,1.0
2014,2,São Paulo,70,38,20,10,8,59,40,19,61.4,1.84,1.55,1.05
2014,3,Internacional,69,38,21,6,11,53,41,12,60.53,1.82,1.39,1.08
2014,4,Corinthians,69,38,19,12,7,49,31,18,60.53,1.82,1.29,0.82
2014,5,Atlético Mineiro,62,38,17,11,10,51,38,13,54.39,1.63,1.34,1.0
2014,6,Fluminense,61,38,17,10,11,61,42,19,53.51,1.61,1.61,1.11
2014,7,Grêmio,61,38,17,10,11,36,24,12,53.51,1.61,0.95,0.63
2014,8,Athletico Paranaense,54,38,15,9,14,43,42,1,47.37,1.42,1.13,1.11
2014,9,Santos,53,38,15,8,15,42,35,7,46.49,1.39,1.11,0.92
2014,10,Flamengo,52,38,14,10,14,46,47,-1,45.61,1.37,1.21,1.24
2014,11,Sport,52,38,14,10,14,36,46,-10,45.61,1.37,0.95,1.21
2014,12,Goiás,47,38,13,8,17,38,40,-2,41.23,1.24,1.0,1.05
2014,13,Figueirense,47,38,13,8,17,37,47,-10,41.23,1.24,0.97,1.24
2014,14,Coritiba,47,38,12,11,15,42,45,-3,41.23,1.24,1.11,1.18
2014,15,Chapecoense,43,38,11,10,17,39,44,-5,37.72,1.13,1.03,1.16
2014,16,Palmeiras,40,38,11,7,20,34,59,-25,35.09,1.05,0.89,1.55
2014,17,Vitória,38,38,10,8,20,37,54,-17,33.33,1.0,0.97,1.42
2014,18,Bahia,37,38,9,10,19,31,43,-12,32.46,0.97,0.82,1.13
2014,19,Botafogo,34,38,9,7,22,31,48,-17,29.82,0.89,0.82,1.26
2014,20,Criciúma,32,38,7,11,20,28,56,-28,28.07,0.84,0.74,1.47
2015,1,Corinthians,81,38,24,9,5,71,31,40,71.05,2.13,1.87,0.82
2015,2,Atlético Mineiro,69,38,21,6,11,65,47,18,60.53,1.82,1.71,1.24
2015,3,Grêmio,68,38,20,8,10,52,32,20,59.65,1.79,1.37,0.84
2015,4,São Paulo,62,38,18,8,12,53,47,6,54.39,1.63,1.39,1.24
2015,5,Internacional,60,38,17,9,12,39,38,1,52.63,1.58,1.03,1.0
2015,6,Sport,59,38,15,14,9,53,38,15,51.75,1.55,1.39,1.0
2015,7,Santos,58,38,16,10,12,59,41,18,50.88,1.53,1.55,1.08
2015,8,Cruzeiro,55,38,15,10,13,44,35,9,48.25,1.45,1.16,0.92
2015,9,Palmeiras,53,38,15,8,15,60,51,9,46.49,1.39,1.58,1.34
2015,10,Athletico Paranaense,51,38,14,9,15,43,48,-5,44.74,1.34,1.13,1.26
2015,11,Ponte Preta,51,38,13,12,13,41,40,1,44.74,1.34,1.08,1.05
2015,12,Flamengo,49,38,15,4,19,45,53,-8,42.98,1.29,1.18,1.39
2015,13,Fluminense,47,38,14,5,19,40,49,-9,41.23,1.24,1.05,1.29
2015,14,Chapecoense,47,38,12,11,15,34,44,-10,41.23,1.24,0.89,1.16
2015,15,Coritiba,44,38,11,11,16,31,42,-11,38.6,1.16,0.82,1.11
2015,16,Figueirense,43,38,11,10,17,36,50,-14,37.72,1.13,0.95,1.32
2015,17,Avaí,42,38,11,9,18,38,60,-22,36.84,1.11,1.0,1.58
2015,18,Vasco,41,38,10,11,17,28,54,-26,35.96,1.08,0.74,1.42
2015,19,Goiás,38,38,10,8,20,39,49,-10,33.33,1.0,1.03,1.29
2015,20,Joinville,31,38,7,10,21,26,48,-22,27.19,0.82,0.68,1.26
2016,1,Palmeiras,80,38,24,8,6,62,32,30,70.18,2.11,1.63,0.84
2016,2,Santos,71,38,22,5,11,59,35,24,62.28,1.87,1.55,0.92
2016,3,Flamengo,71,38,20,11,7,52,35,17,62.28,1.87,1.37,0.92
2016,4,Atlético Mineiro,62,38,17,11,10,61,53,8,54.39,1.63,1.61,1.39
2016,5,Botafogo,59,38,17,8,13,43,39,4,51.75,1.55,1.13,1.03
2016,6,Athletico Paranaense,57,38,17,6,15,38,32,6,50.0,1.5,1.0,0.84
2016,7,Corinthians,55,38,15,10,13,48,42,6,48.25,1.45,1.26,1.11
2016,8,Ponte Preta,53,38,15,8,15,48,52,-4,46.49,1.39,1.26,1.37
2016,9,Grêmio,53,38,14,11,13,41,44,-3,46.49,1.39,1.08,1.16
2016,10,São Paulo,52,38,14,10,14,44,36,8,45.61,1.37,1.16,0.95
2016,11,Chapecoense,52,38,13,13,12,49,56,-7,45.61,1.37,1.29,1.47
2016,12,Cruzeiro,51,38,14,9,15,48,49,-1,44.74,1.34,1.26,1.29
2016,13,Fluminense,50,38,13,11,14,45,45,0,43.86,1.32,1.18,1.18
2016,14,Sport,47,38,13,8,17,49,55,-6,41.23,1.24,1.29,1.45
2016,15,Coritiba,46,38,11,13,14,41,42,-1,40.35,1.21,1.08,1.11
2016,16,Vitória,45,38,12,9,17,51,53,-2,39.47,1.18,1.34,1.39
2016,17,Internacional,43,38,11,10,17,35,41,-6,37.72,1.13,0.92,1.08
2016,18,Figueirense,37,38,8,13,17,30,50,-20,32.46,0.97,0.79,1.32
2016,19,Santa Cruz,31,38,8,7,23,45,69,-24,27.19,0.82,1.18,1.82
2016,20,América Mineiro,28,38,7,7,24,23,58,-35,24.56,0.74,0.61,1.53
2017,1,Corinthians,72,38,21,9,8,50,30,20,63.16,1.89,1.32,0.79
2017,2,Palmeiras,63,38,19,6,13,61,45,16,55.26,1.66,1.61,1.18
2017,3,Santos,63,38,17,12,9,42,32,10,55.26,1.66,1.11,0.84
2017,4,Grêmio,62,38,18,8,12,55,36,19,54.39,1.63,1.45,0.95
2017,5,Cruzeiro,57,38,15,12,11,47,39,8,50.0,1.5,1.24,1.03
2017,6,Flamengo,56,38,15,11,12,49,38,11,49.12,1.47,1.29,1.0
2017,7,Vasco,56,38,15,11,12,40,47,-7,49.12,1.47,1.05,1.24
2017,8,Chapecoense,54,38,15,9,14,47,49,-2,47.37,1.42,1.24,1.29
2017,9,Atlético Mineiro,54,38,14,12,12,52,49,3,47.37,1.42,1.37,1.29
2017,10,Botafogo,53,38,14,11,13,45,42,3,46.49,1.39,1.18,1.11
2017,11,Athletico Paranaense,51,38,14,9,15,45,43,2,44.74,1.34,1.18,1.13
2017,12,Bahia,50,38,13,11,14,50,48,2,43.86,1.32,1.32,1.26
2017,13,São Paulo,50,38,13,11,14,48,49,-1,43.86,1.32,1.26,1.29
2017,14,Fluminense,47,38,11,14,13,50,53,-3,41.23,1.24,1.32,1.39
2017,15,Sport,45,38,12,9,17,46,58,-12,39.47,1.18,1.21,1.53
2017,16,Vitória,43,38,11,10,17,50,58,-8,37.72,1.13,1.32,1.53
2017,17,Coritiba,43,38,11,10,17,42,51,-9,37.72,1.13,1.11,1.34
2017,18,Avaí,43,38,10,13,15,29,48,-19,37.72,1.13,0.76,1.26
2017,19,Ponte Preta,39,38,10,9,19,37,52,-15,34.21,1.03,0.97,1.37
2017,20,Atlético Goianiense,36,38,9,9,20,38,56,-18,31.58,0.95,1.0,1.47
2018,1,Palmeiras,80,38,23,11,4,64,26,38,70.18,2.11,1.68,0.68
2018,2,Flamengo,72,38,21,9,8,59,29,30,63.16,1.89,1.55,0.76
2018,3,Internacional,69,38,19,12,7,51,29,22,60.53,1.82,1.34,0.76
2018,4,Grêmio,66,38,18,12,8,48,27,21,57.89,1.74,1.26,0.71
2018,5,São Paulo,63,38,16,15,7,46,34,12,55.26,1.66,1.21,0.89
2018,6,Atlético Mineiro,59,38,17,8,13,56,43,13,51.75,1.55,1.47,1.13
2018,7,Athletico Paranaense,57,38,16,9,13,54,37,17,50.0,1.5,1.42,0.97
2018,8,Cruzeiro,53,38,14,11,13,34,34,0,46.49,1.39,0.89,0.89
2018,9,Botafogo,51,38,13,12,13,38,46,-8,44.74,1.34,1.0,1.21
2018,10,Santos,50,38,13,11,14,46,40,6,43.86,1.32,1.21,1.05
2018,11,Bahia,48,38,12,12,14,39,41,-2,42.11,1.26,1.03,1.08
2018,12,Fluminense,45,38,12,9,17,32,46,-14,39.47,1.18,0.84,1.21
2018,13,Corinthians,44,38,11,11,16,34,35,-1,38.6,1.16,0.89,0.92
2018,14,Chapecoense,44,38,11,11,16,34,50,-16,38.6,1.16,0.89,1.32
2018,15,Ceará,44,38,10,14,14,32,38,-6,38.6,1.16,0.84,1.0
2018,16,Vasco,43,38,10,13,15,41,48,-7,37.72,1.13,1.08,1.26
2018,17,Sport,42,38,11,9,18,35,57,-22,36.84,1.11,0.92,1.5
2018,18,América Mineiro,40,38,10,10,18,30,47,-17,35.09,1.05,0.79,1.24
2018,19,Vitória,37,38,9,10,19,36,63,-27,32.46,0.97,0.95,1.66
2018,20,Paraná,23,38,4,11,23,18,57,-39,20.18,0.61,0.47,1.5
2019,1,Flamengo,90,38,28,6,4,86,37,49,78.95,2.37,2.26,0.97
2019,2,Santos,74,38,22,8,8,60,33,27,64.91,1.95,1.58,0.87
2019,3,Palmeiras,74,38,21,11,6,61,32,29,64.91,1.95,1.61,0.84
2019,4,Grêmio,65,38,19,8,11,64,39,25,57.02,1.71,1.68,1.03
2019,5,Athletico Paranaense,64,38,18,10,10,51,32,19,56.14,1.68,1.34,0.84
2019,6,São Paulo,63,38,17,12,9,39,30,9,55.26,1.66,1.03,0.79
2019,7,Internacional,57,38,16,9,13,44,39,5,50.0,1.5,1.16,1.03
2019,8,Corinthians,56,38,14,14,10,42,34,8,49.12,1.47,1.11,0.89
2019,9,Fortaleza,53,38,15,8,15,50,49,1,46.49,1.39,1.32,1.29
2019,10,Goiás,52,38,15,7,16,46,64,-18,45.61,1.37,1.21,1.68
2019,11,Bahia,49,38,12,13,13,44,43,1,42.98,1.29,1.16,1.13
2019,12,Vasco,49,38,12,13,13,39,45,-6,42.98,1.29,1.03,1.18
2019,13,Atlético Mineiro,48,38,13,9,16,45,49,-4,42.11,1.26,1.18,1.29
2019,14,Fluminense,46,38,12,10,16,38,46,-8,40.35,1.21,1.0,1.21
2019,15,Botafogo,43,38,13,4,21,31,45,-14,37.72,1.13,0.82,1.18
2019,16,Ceará,39,38,10,9,19,36,41,-5,34.21,1.03,0.95,1.08
2019,17,Cruzeiro,36,38,7,15,16,27,46,-19,31.58,0.95,0.71,1.21
2019,18,CSA,32,38,8,8,22,24,58,-34,28.07,0.84,0.63,1.53
2019,19,Chapecoense,32,38,7,11,20,31,52,-21,28.07,0.84,0.82,1.37
2019,20,Avaí,20,38,3,11,24,18,62,-44,17.54,0.53,0.47,1.63
2020,1,Flamengo,71,38,21,8,9,68,48,20,62.28,1.87,1.79,1.26
2020,2,Internacional,70,38,20,10,8,61,35,26,61.4,1.84,1.61,0.92
2020,3,Atlético Mineiro,68,38,20,8,10,64,45,19,59.65,1.79,1.68,1.18
2020,4,São Paulo,66,38,18,12,8,59,41,18,57.89,1.74,1.55,1.08
2020,5,Fluminense,64,38,18,10,10,55,42,13,56.14,1.68,1.45,1.11
2020,6,Grêmio,59,38,14,17,7,53,40,13,51.75,1.55,1.39,1.05
2020,7,Palmeiras,58,38,15,13,10,51,37,14,50.88,1.53,1.34,0.97
2020,8,Santos,54,38,14,12,12,52,51,1,47.37,1.42,1.37,1.34
2020,9,Athletico Paranaense,53,38,15,8,15,38,36,2,46.49,1.39,1.0,0.95
2020,10,Red Bull Bragantino,53,38,13,14,11,50,40,10,46.49,1.39,1.32,1.05
2020,11,Ceará,52,38,14,10,14,54,51,3,45.61,1.37,1.42,1.34
2020,12,Corinthians,51,38,13,12,13,45,45,0,44.74,1.34,1.18,1.18
2020,13,Atlético Goianiense,50,38,12,14,12,40,45,-5,43.86,1.32,1.05,1.18
2020,14,Bahia,44,38,12,8,18,48,59,-11,38.6,1.16,1.26,1.55
2020,15,Sport,42,38,12,6,20,31,50,-19,36.84,1.11,0.82,1.32
2020,16,Fortaleza,41,38,10,11,17,34,44,-10,35.96,1.08,0.89,1.16
2020,17,Vasco,41,38,10,11,17,37,56,-19,35.96,1.08,0.97,1.47
2020,18,Goiás,37,38,9,10,19,41,63,-22,32.46,0.97,1.08,1.66
2020,19,Coritiba,31,38,7,10,21,31,54,-23,27.19,0.82,0.82,1.42
2020,20,Botafogo,27,38,5,12,21,32,62,-30,23.68,0.71,0.84,1.63
2021,1,Atlético Mineiro,84,38,26,6,6,67,34,33,73.68,2.21,1.76,0.89
2021,2,Flamengo,71,38,21,8,9,69,36,33,62.28,1.87,1.82,0.95
2021,3,Palmeiras,66,38,20,6,12,58,43,15,57.89,1.74,1.53,1.13
2021,4,Fortaleza,58,38,17,7,14,44,45,-1,50.88,1.53,1.16,1.18
2021,5,Corinthians,57,38,15,12,11,40,36,4,50.0,1.5,1.05,0.95
2021,6,Red Bull Bragantino,56,38,14,14,10,55,46,9,49.12,1.47,1.45,1.21
2021,7,Fluminense,54,38,15,9,14,38,38,0,47.37,1.42,1.0,1.0
2021,8,América Mineiro,53,38,13,14,11,41,37,4,46.49,1.39,1.08,0.97
2021,9,Atlético Goianiense,53,38,13,14,11,33,36,-3,46.49,1.39,0.87,0.95
2021,10,Santos,50,38,12,14,12,35,40,-5,43.86,1.32,0.92,1.05
2021,11,Ceará,50,38,11,17,10,39,38,1,43.86,1.32,1.03,1.0
2021,12,Internacional,48,38,12,12,14,44,42,2,42.11,1.26,1.16,1.11
2021,13,São Paulo,48,38,11,15,12,31,39,-8,42.11,1.26,0.82,1.03
2021,14,Athletico Paranaense,47,38,13,8,17,41,45,-4,41.23,1.24,1.08,1.18
2021,15,Cuiabá,47,38,10,17,11,34,37,-3,41.23,1.24,0.89,0.97
2021,16,Juventude,46,38,11,13,14,36,44,-8,40.35,1.21,0.95,1.16
2021,17,Grêmio,43,38,12,7,19,44,51,-7,37.72,1.13,1.16,1.34
2021,18,Bahia,43,38,11,10,17,42,51,-9,37.72,1.13,1.11,1.34
2021,19,Sport,38,38,9,11,18,24,37,-13,33.33,1.0,0.63,0.97
2021,20,Chapecoense,15,38,1,12,25,27,67,-40,13.16,0.39,0.71,1.76
2022,1,Palmeiras,81,38,23,12,3,66,27,39,71.05,2.13,1.74,0.71
2022,2,Internacional,73,38,20,13,5,58,31,27,64.04,1.92,1.53,0.82
2022,3,Fluminense,70,38,21,7,10,63,41,22,61.4,1.84,1.66,1.08
2022,4,Corinthians,65,38,18,11,9,44,36,8,57.02,1.71,1.16,0.95
2022,5,Flamengo,62,38,18,8,12,60,39,21,54.39,1.63,1.58,1.03
2022,6,Athletico Paranaense,58,38,16,10,12,48,48,0,50.88,1.53,1.26,1.26
2022,7,Atlético Mineiro,58,38,15,13,10,45,37,8,50.88,1.53,1.18,0.97
2022,8,Fortaleza,55,38,15,10,13,46,39,7,48.25,1.45,1.21,1.03
2022,9,São Paulo,54,38,13,15,10,55,42,13,47.37,1.42,1.45,1.11
2022,10,América Mineiro,53,38,15,8,15,40,40,0,46.49,1.39,1.05,1.05
2022,11,Botafogo,53,38,15,8,15,41,43,-2,46.49,1.39,1.08,1.13
2022,12,Santos,47,38,12,11,15,44,41,3,41.23,1.24,1.16,1.08
2022,13,Goiás,46,38,11,13,14,40,53,-13,40.35,1.21,1.05,1.39
2022,14,Red Bull Bragantino,44,38,11,11,16,49,59,-10,38.6,1.16,1.29,1.55
2022,15,Coritiba,42,38,12,6,20,39,60,-21,36.84,1.11,1.03,1.58
2022,16,Cuiabá,41,38,10,11,17,31,42,-11,35.96,1.08,0.82,1.11
2022,17,Ceará,37,38,7,16,15,34,41,-7,32.46,0.97,0.89,1.08
2022,18,Atlético Goianiense,36,38,8,12,18,39,57,-18,31.58,0.95,1.03,1.5
2022,19,Avaí,35,38,9,8,21,34,60,-26,30.7,0.92,0.89,1.58
2022,20,Juventude,22,38,3,13,22,29,69,-40,19.3,0.58,0.76,1.82
2023,1,Palmeiras,70,38,20,10,8,64,33,31,61.4,1.84,1.68,0.87
2023,2,Grêmio,68,38,21,5,12,63,56,7,59.65,1.79,1.66,1.47
2023,3,Atlético Mineiro,66,38,19,9,10,52,32,20,57.89,1.74,1.37,0.84
2023,4,Flamengo,66,38,19,9,10,56,42,14,57.89,1.74,1.47,1.11
2023,5,Botafogo,64,38,18,10,10,58,37,21,56.14,1.68,1.53,0.97
2023,6,Red Bull Bragantino,62,38,17,11,10,49,35,14,54.39,1.63,1.29,0.92
2023,7,Fluminense,56,38,16,8,14,51,47,4,49.12,1.47,1.34,1.24
2023,8,Athletico Paranaense,56,38,14,14,10,51,43,8,49.12,1.47,1.34,1.13
2023,9,Internacional,55,38,15,10,13,46,45,1,48.25,1.45,1.21,1.18
2023,10,Fortaleza,54,38,15,9,14,45,44,1,47.37,1.42,1.18,1.16
2023,11,São Paulo,53,38,14,11,13,40,38,2,46.49,1.39,1.05,1.0
2023,12,Cuiabá,51,38,14,9,15,40,39,1,44.74,1.34,1.05,1.03
2023,13,Corinthians,50,38,12,14,12,47,48,-1,43.86,1.32,1.24,1.26
2023,14,Cruzeiro,47,38,11,14,13,35,32,3,41.23,1.24,0.92,0.84
2023,15,Vasco,45,38,12,9,17,41,51,-10,39.47,1.18,1.08,1.34
2023,16,Bahia,44,38,12,8,18,50,53,-3,38.6,1.16,1.32,1.39
2023,17,Santos,43,38,11,10,17,39,64,-25,37.72,1.13,1.03,1.68
2023,18,Goiás,38,38,9,11,18,36,53,-17,33.33,1.0,0.95,1.39
2023,19,Coritiba,30,38,8,6,24,41,73,-32,26.32,0.79,1.08,1.92
2023,20,América Mineiro,24,38,5,9,24,42,81,-39,21.05,0.63,1.11,2.13
2024,1,Botafogo,79,38,23,10,5,59,29,30,69.3,2.08,1.55,0.76
2024,2,Palmeiras,73,38,22,7,9,60,33,27,64.04,1.92,1.58,0.87
2024,3,Flamengo,70,38,20,10,8,61,42,19,61.4,1.84,1.61,1.11
2024,4,Fortaleza,68,38,19,11,8,53,39,14,59.65,1.79,1.39,1.03
2024,5,Internacional,65,38,18,11,9,53,36,17,57.02,1.71,1.39,0.95
2024,6,São Paulo,59,38,17,8,13,53,43,10,51.75,1.55,1.39,1.13
2024,7,Corinthians,56,38,15,11,12,54,45,9,49.12,1.47,1.42,1.18
2024,8,Bahia,53,38,15,8,15,49,49,0,46.49,1.39,1.29,1.29
2024,9,Vasco,50,38,14,8,16,43,56,-13,43.86,1.32,1.13,1.47
2024,10,Cruzeiro,49,37,13,10,14,42,41,1,44.14,1.32,1.14,1.11
2024,11,Vitória,47,38,13,8,17,45,52,-7,41.23,1.24,1.18,1.37
2024,12,Atlético Mineiro,47,38,11,14,13,47,54,-7,41.23,1.24,1.24,1.42
2024,13,Fluminense,46,38,12,10,16,33,39,-6,40.35,1.21,0.87,1.03
2024,14,Grêmio,45,38,12,9,17,44,50,-6,39.47,1.18,1.16,1.32
2024,15,Juventude,45,37,11,12,14,48,58,-10,40.54,1.22,1.3,1.57
2024,16,Red Bull Bragantino,44,38,10,14,14,44,48,-4,38.6,1.16,1.16,1.26
2024,17,Athletico Paranaense,42,38,11,9,18,40,46,-6,36.84,1.11,1.05,1.21
2024,18,Criciúma,38,38,9,11,18,42,61,-19,33.33,1.0,1.11,1.61
2024,19,Atlético Goianiense,30,38,7,9,22,29,58,-29,26.32,0.79,0.76,1.53
2024,20,Cuiabá,30,38,6,12,20,29,49,-20,26.32,0.79,0.76,1.29
